,GeneName,StartPosition,EndPosition,ProteinWindowSeq,adhunter,adpred,known_AD,mechanistic,paddle,tada,num_predictors
628,sp|O00409|FOXN3_HUMAN Forkhead box protein N3 OS=Homo sapiens OX=9606 GN=FOXN3 PE=1 SV=1,40,80,LDFSLPDIRLEEGAMEDEELTNLNWLHESKNLLKSFGESV,11.0,11.0,0.0,38.0,33.0,40.0,5
753,sp|O14709|ZN197_HUMAN Zinc finger protein 197 OS=Homo sapiens OX=9606 GN=ZNF197 PE=1 SV=1,240,280,LYWDVMLENYGNVTSLEWETMTENEEVTSKPSSSQRADSH,21.0,16.0,0.0,27.0,20.0,40.0,5
1792,sp|O60381|HBP1_HUMAN HMG box-containing protein 1 OS=Homo sapiens OX=9606 GN=HBP1 PE=1 SV=2,200,240,LGWCNSWPSTVWHCFLKGTRLCFHKGSNKEWQDVEDFARA,39.0,10.0,0.0,11.0,30.0,24.0,5
2057,sp|O75461|E2F6_HUMAN Transcription factor E2F6 OS=Homo sapiens OX=9606 GN=E2F6 PE=1 SV=1,120,160,KNHIRWIGSDLSNFGAVPQQKKLQEELSDLSAMEDALDEL,29.0,6.0,0.0,24.0,39.0,39.0,5
2058,sp|O75461|E2F6_HUMAN Transcription factor E2F6 OS=Homo sapiens OX=9606 GN=E2F6 PE=1 SV=1,160,200,IKDCAQQLFELTDDKENERLAYVTYQDIHSIQAFHEQIVI,34.0,3.0,0.0,32.0,22.0,37.0,5
2308,sp|O95125|ZN202_HUMAN Zinc finger protein 202 OS=Homo sapiens OX=9606 GN=ZNF202 PE=1 SV=4,240,280,DVAVCFSQDQWSDLDPTQKEFYGEYVLEEDCGIVVSLSFP,40.0,16.0,0.0,40.0,40.0,40.0,5
3833,sp|P17014|ZNF12_HUMAN Zinc finger protein 12 OS=Homo sapiens OX=9606 GN=ZNF12 PE=1 SV=3,40,80,YSNLVSVGYHIIKPDVISKLEQGEEPWIVEGEFLLQSYPD,40.0,20.0,0.0,31.0,40.0,40.0,5
3834,sp|P17014|ZNF12_HUMAN Zinc finger protein 12 OS=Homo sapiens OX=9606 GN=ZNF12 PE=1 SV=3,80,120,EVWQTDDLIERIQEEENKPSRQTVFIETLIEERGNVPGKT,26.0,5.0,0.0,32.0,19.0,35.0,5
4717,sp|P26358|DNMT1_HUMAN DNA (cytosine-5)-methyltransferase 1 OS=Homo sapiens OX=9606 GN=DNMT1 PE=1 SV=2,800,840,TDTVLGATSDPLELFLVDECEDMQLSYIHSKVKVIYKAPS,40.0,17.0,0.0,40.0,6.0,40.0,5
4718,sp|P26358|DNMT1_HUMAN DNA (cytosine-5)-methyltransferase 1 OS=Homo sapiens OX=9606 GN=DNMT1 PE=1 SV=2,840,880,ENWAMEGGMDPESLLEGDDGKTYFYQLWYDQDYARFESPP,38.0,15.0,0.0,39.0,40.0,40.0,5
5796,sp|P50553|ASCL1_HUMAN Achaete-scute homolog 1 OS=Homo sapiens OX=9606 GN=ASCL1 PE=1 SV=2,200,236,LNSMAGSPVSSYSSDEGSYDPLSPEEQELLDFTNWF,36.0,13.0,0.0,36.0,36.0,36.0,5
5896,sp|P51814|ZNF41_HUMAN Zinc finger protein 41 OS=Homo sapiens OX=9606 GN=ZNF41 PE=1 SV=2,160,200,ERFDQPIGEDSLCSILEELWQDNDQLEQRQENQNNLLSHV,35.0,11.0,0.0,39.0,36.0,40.0,5
5918,sp|P51815|ZN75D_HUMAN Zinc finger protein 75D OS=Homo sapiens OX=9606 GN=ZNF75D PE=2 SV=2,200,240,RAVHDQQMLALSEQKRIKHWKMASKLILPESLSLLTFEDV,29.0,7.0,0.0,12.0,12.0,28.0,5
5919,sp|P51815|ZN75D_HUMAN Zinc finger protein 75D OS=Homo sapiens OX=9606 GN=ZNF75D PE=2 SV=2,240,280,AVYFSEEEWQLLNPLEKTLYNDVMQDIYETVISLGLKLKN,40.0,23.0,0.0,36.0,40.0,40.0,5
7316,sp|Q05516|ZBT16_HUMAN Zinc finger and BTB domain-containing protein 16 OS=Homo sapiens OX=9606 GN=ZBTB16 PE=1 SV=2,80,120,QQILEYAYTATLQAKAEDLDDLLYAAEILEIEYLEEQCLK,40.0,26.0,0.0,40.0,39.0,40.0,5
8125,sp|Q13398|ZN211_HUMAN Zinc finger protein 211 OS=Homo sapiens OX=9606 GN=ZNF211 PE=1 SV=2,0,40,MLGFPPGRPQLPVQLRPQTRMATALRDPASGSVTFEDVAV,31.0,8.0,0.0,14.0,40.0,34.0,5
8126,sp|Q13398|ZN211_HUMAN Zinc finger protein 211 OS=Homo sapiens OX=9606 GN=ZNF211 PE=1 SV=2,40,80,YFSWEEWDLLDEAQKHLYFDVMLENFALTSSLGCWCGVEH,40.0,33.0,0.0,40.0,25.0,40.0,5
9493,sp|Q2KHR2|RFX7_HUMAN DNA-binding protein RFX7 OS=Homo sapiens OX=9606 GN=RFX7 PE=1 SV=2,760,800,EGSVFLLDSDSKSVGSFNPNGWQQITKDSEFISASCEQQQ,40.0,15.0,0.0,40.0,40.0,40.0,5
9755,sp|Q3KNS6|ZN829_HUMAN Zinc finger protein 829 OS=Homo sapiens OX=9606 GN=ZNF829 PE=1 SV=1,40,80,SIDFSQEEWECLDADQMNLYKEVMLENFSNLVSVGLSNSK,40.0,22.0,0.0,37.0,29.0,40.0,5
9870,sp|Q494X3|ZN404_HUMAN Zinc finger protein 404 OS=Homo sapiens OX=9606 GN=ZNF404 PE=1 SV=2,0,40,MARVPLTFSDVAIDFSQEEWEYLNSDQRDLYRDVMLENYT,40.0,32.0,0.0,32.0,40.0,39.0,5
9871,sp|Q494X3|ZN404_HUMAN Zinc finger protein 404 OS=Homo sapiens OX=9606 GN=ZNF404 PE=1 SV=2,40,80,NLVSLDFNFTTESNKLSSEKRNYEVNAYHQETWKRNKTFN,18.0,5.0,0.0,12.0,22.0,33.0,5
10961,sp|Q68DY9|ZN772_HUMAN Zinc finger protein 772 OS=Homo sapiens OX=9606 GN=ZNF772 PE=1 SV=2,40,80,WVLLDEAQRLLYRDVMLENFALMASLGHTSFMSHIVASLV,40.0,14.0,0.0,40.0,8.0,40.0,5
10973,sp|Q68EA5|ZNF57_HUMAN Zinc finger protein 57 OS=Homo sapiens OX=9606 GN=ZNF57 PE=1 SV=3,0,40,MDSVVFEDVAVDFTLEEWALLDSAQRDLYRDVMLETFRNL,40.0,28.0,0.0,33.0,40.0,39.0,5
12524,sp|Q86TJ5|ZN554_HUMAN Zinc finger protein 554 OS=Homo sapiens OX=9606 GN=ZNF554 PE=1 SV=1,40,80,SQELVTFEDVSMDFSQEEWELLEPAQKNLYREVMLENYRN,40.0,22.0,0.0,38.0,29.0,40.0,5
13015,sp|Q8IUX7|AEBP1_HUMAN Adipocyte enhancer-binding protein 1 OS=Homo sapiens OX=9606 GN=AEBP1 PE=1 SV=1,0,40,MAAVRGAPLLSCLLALLALCPGGRPQTVLTDDEIEEFLEG,37.0,14.0,0.0,31.0,33.0,38.0,5
13016,sp|Q8IUX7|AEBP1_HUMAN Adipocyte enhancer-binding protein 1 OS=Homo sapiens OX=9606 GN=AEBP1 PE=1 SV=1,40,80,FLSELEPEPREDDVEAPPPPEPTPRVRKAQAGGKPGKRPG,9.0,6.0,0.0,27.0,40.0,30.0,5
13031,sp|Q8IUX7|AEBP1_HUMAN Adipocyte enhancer-binding protein 1 OS=Homo sapiens OX=9606 GN=AEBP1 PE=1 SV=1,640,680,YLCREYRDGNPRVRSLVQDTRIHLVPSLNPDGYEVAAQMG,24.0,4.0,0.0,18.0,32.0,29.0,5
13032,sp|Q8IUX7|AEBP1_HUMAN Adipocyte enhancer-binding protein 1 OS=Homo sapiens OX=9606 GN=AEBP1 PE=1 SV=1,680,720,SEFGNWALGLWTEEGFDIFEDFPDLNSVLWGAEERKWVPY,40.0,31.0,0.0,35.0,40.0,40.0,5
13407,sp|Q8IZM8|ZN654_HUMAN Zinc finger protein 654 OS=Homo sapiens OX=9606 GN=ZNF654 PE=1 SV=4,280,320,CESFLIPQLQNGDMYCIWELIFIWSKLQLKSNPSKQVFVD,40.0,16.0,0.0,18.0,28.0,40.0,5
13754,sp|Q8N7M2|ZN283_HUMAN Zinc finger protein 283 OS=Homo sapiens OX=9606 GN=ZNF283 PE=1 SV=4,80,120,DFSQEEWECLDPAQRDLYVDVMLENYSNLVSLDLESKTYE,40.0,20.0,0.0,40.0,55.0,40.0,5
13804,sp|Q8N859|ZN713_HUMAN Zinc finger protein 713 OS=Homo sapiens OX=9606 GN=ZNF713 PE=1 SV=2,80,120,IAQLELEEEWVIERDSLLDTHPDGENRPEIKKSTTSQNIS,22.0,5.0,0.0,40.0,40.0,40.0,5
13805,sp|Q8N859|ZN713_HUMAN Zinc finger protein 713 OS=Homo sapiens OX=9606 GN=ZNF713 PE=1 SV=2,120,160,DENQTHEMIMERLAGDSFWYSILGGLWDFDYHPEFNQENH,40.0,21.0,0.0,26.0,32.0,40.0,5
14228,sp|Q8NDW4|ZN248_HUMAN Zinc finger protein 248 OS=Homo sapiens OX=9606 GN=ZNF248 PE=1 SV=1,80,120,RKWKVDDVLESSQENEDDHFWELLFHNNKTVSVENGDRGS,40.0,12.0,0.0,22.0,40.0,40.0,5
14289,sp|Q8NEP9|ZN555_HUMAN Zinc finger protein 555 OS=Homo sapiens OX=9606 GN=ZNF555 PE=1 SV=4,0,40,MDSVVFEDVAVDFTLEEWALLDSAQRDLYRDVMLETFQNL,40.0,29.0,0.0,39.0,40.0,39.0,5
14470,sp|Q8TAQ5|ZN420_HUMAN Zinc finger protein 420 OS=Homo sapiens OX=9606 GN=ZNF420 PE=1 SV=1,0,40,MARKLVMFRDVAIDFSQEEWECLDSAQRDLYRDVMLENYS,37.0,16.0,0.0,31.0,32.0,39.0,5
15380,sp|Q969W8|ZN566_HUMAN Zinc finger protein 566 OS=Homo sapiens OX=9606 GN=ZNF566 PE=1 SV=1,0,40,MAQESVMFSDVSVDFSQEEWECLNDDQRDLYRDVMLENYS,40.0,26.0,0.0,39.0,40.0,39.0,5
15771,sp|Q96IT1|ZN496_HUMAN Zinc finger protein 496 OS=Homo sapiens OX=9606 GN=ZNF496 PE=1 SV=1,200,240,EENVRDTQQVTTLQLPPSRVSPFKDMILCFSEEDWSLLDP,38.0,17.0,0.0,16.0,40.0,40.0,5
15772,sp|Q96IT1|ZN496_HUMAN Zinc finger protein 496 OS=Homo sapiens OX=9606 GN=ZNF496 PE=1 SV=1,240,280,AQTGFYGEFIIGEDYGVSMPPNDLAAQPDLSQGEENEPRV,40.0,12.0,0.0,35.0,40.0,39.0,5
15921,sp|Q96JL9|ZN333_HUMAN Zinc finger protein 333 OS=Homo sapiens OX=9606 GN=ZNF333 PE=1 SV=3,200,240,EPVTFADVAVVFTPEEWVFLDSTQRSLYRDVMLENYRNLA,40.0,15.0,0.0,24.0,31.0,40.0,5
16225,sp|Q96MM3|ZFP42_HUMAN Zinc finger protein 42 homolog OS=Homo sapiens OX=9606 GN=ZFP42 PE=1 SV=2,40,80,EPVSAVWALCDGYVCYEPGPQALGGDDFSDCYIECVIRGE,40.0,9.0,0.0,26.0,40.0,40.0,5
16226,sp|Q96MM3|ZFP42_HUMAN Zinc finger protein 42 homolog OS=Homo sapiens OX=9606 GN=ZFP42 PE=1 SV=2,80,120,FSQPILEEDSLFESLEYLKKGSEQQLSQKVFEASSLECSL,26.0,9.0,0.0,24.0,26.0,40.0,5
16261,sp|Q96MU6|ZN778_HUMAN Zinc finger protein 778 OS=Homo sapiens OX=9606 GN=ZNF778 PE=1 SV=3,0,40,MAAPDLAHGGHVSRDSVCLHEEQTQAAGMVAGWLINCYQD,28.0,9.0,0.0,22.0,32.0,32.0,5
16262,sp|Q96MU6|ZN778_HUMAN Zinc finger protein 778 OS=Homo sapiens OX=9606 GN=ZNF778 PE=1 SV=3,40,80,AVTFDDVAVDFTQEEWTLLDPSQRDLYRDVMLENYENLAS,40.0,30.0,0.0,40.0,40.0,40.0,5
16354,sp|Q96N77|ZN641_HUMAN Zinc finger protein 641 OS=Homo sapiens OX=9606 GN=ZNF641 PE=1 SV=2,120,160,EEWRSLDPSQTDFYGEYVMQENCGIVVSLRFPIPKLDMLS,36.0,17.0,0.0,7.0,11.0,35.0,5
17414,sp|Q9BUY5|ZN426_HUMAN Zinc finger protein 426 OS=Homo sapiens OX=9606 GN=ZNF426 PE=1 SV=1,0,40,MAAADLSHGHYLSGDPVCLHEEKTPAGRIVADCLTDCYQD,24.0,2.0,0.0,19.0,37.0,33.0,5
17415,sp|Q9BUY5|ZN426_HUMAN Zinc finger protein 426 OS=Homo sapiens OX=9606 GN=ZNF426 PE=1 SV=1,40,80,SVTFDDVAVDFTQEEWTLLDSTQRSLYSDVMLENYKNLAT,40.0,29.0,0.0,35.0,35.0,40.0,5
17453,sp|Q9BVI0|PHF20_HUMAN PHD finger protein 20 OS=Homo sapiens OX=9606 GN=PHF20 PE=1 SV=2,640,680,ELDGDDRYDFEVVRCICEVQEENDFMIQCEECQCWQHGVC,38.0,9.0,0.0,10.0,33.0,40.0,5
17505,sp|Q9BX82|ZN471_HUMAN Zinc finger protein 471 OS=Homo sapiens OX=9606 GN=ZNF471 PE=1 SV=1,80,120,RSPFSDWESIYVTQELPLKQFMYDDACMEGITSYGLECST,40.0,22.0,0.0,35.0,40.0,40.0,5
17506,sp|Q9BX82|ZN471_HUMAN Zinc finger protein 471 OS=Homo sapiens OX=9606 GN=ZNF471 PE=1 SV=1,120,160,FEENWKWEDLFEKQMGSHEMFSKKEIITHKETITKETEFK,35.0,14.0,0.0,22.0,30.0,37.0,5
19164,sp|Q9NQX1|PRDM5_HUMAN PR domain zinc finger protein 5 OS=Homo sapiens OX=9606 GN=PRDM5 PE=1 SV=2,80,120,WLRFVHEAPSQEQKNLAAIQEGENIFYLAVEDIETDTELL,38.0,14.0,0.0,36.0,40.0,40.0,5
19178,sp|Q9NQX6|ZN331_HUMAN Zinc finger protein 331 OS=Homo sapiens OX=9606 GN=ZNF331 PE=1 SV=1,0,40,MAQGLVTFADVAIDFSQEEWACLNSAQRDLYWDVMLENYS,40.0,24.0,0.0,30.0,40.0,39.0,5
19179,sp|Q9NQX6|ZN331_HUMAN Zinc finger protein 331 OS=Homo sapiens OX=9606 GN=ZNF331 PE=1 SV=1,40,80,NLVSLDLESAYENKSLPTEKNIHEIRASKRNSDRRSKSLG,28.0,5.0,0.0,12.0,28.0,29.0,5
19681,sp|Q9NZV7|ZIM2_HUMAN Zinc finger imprinted 2 OS=Homo sapiens OX=9606 GN=ZIM2 PE=1 SV=1,120,160,DNMENYRKLLSLGFLAQDSVPAEKRNTEMLDNLPSAGSQF,18.0,1.0,0.0,9.0,26.0,28.0,5
19682,sp|Q9NZV7|ZIM2_HUMAN Zinc finger imprinted 2 OS=Homo sapiens OX=9606 GN=ZIM2 PE=1 SV=1,160,200,PDFKHLGTFLVFEELVTFEDVLVDFSPEELSSLSAAQRNL,40.0,27.0,0.0,29.0,39.0,40.0,5
19958,sp|Q9UDV6|ZN212_HUMAN Zinc finger protein 212 OS=Homo sapiens OX=9606 GN=ZNF212 PE=1 SV=3,120,160,RNFWILRLPPGSKGEAPKVSRSLENDGVCFTEQEWENLED,22.0,9.0,0.0,19.0,24.0,40.0,5
19959,sp|Q9UDV6|ZN212_HUMAN Zinc finger protein 212 OS=Homo sapiens OX=9606 GN=ZNF212 PE=1 SV=3,160,200,WQKELYRNVMESNYETLVSLKVLGQTEGEAELGTEMLGDL,28.0,10.0,0.0,40.0,40.0,29.0,5
20048,sp|Q9UGL1|KDM5B_HUMAN Lysine-specific demethylase 5B OS=Homo sapiens OX=9606 GN=KDM5B PE=1 SV=3,880,920,SEETPSAAELQDLLDVSFEFDVELPQLAEMRIRLEQARWL,40.0,25.0,0.0,37.0,32.0,40.0,5
21146,sp|Q9Y222|DMTF1_HUMAN Cyclin-D-binding Myb-like transcription factor 1 OS=Homo sapiens OX=9606 GN=DMTF1 PE=1 SV=1,320,360,CRSKWLNYLNWKQSGGTEWTKEDEINLILRIAELDVADEN,33.0,11.0,0.0,29.0,40.0,36.0,5
21147,sp|Q9Y222|DMTF1_HUMAN Cyclin-D-binding Myb-like transcription factor 1 OS=Homo sapiens OX=9606 GN=DMTF1 PE=1 SV=1,360,400,DINWDLLAEGWSSVRSPQWLRSKWWTIKRQIANHKDVSFP,33.0,12.0,0.0,20.0,20.0,29.0,5
21590,sp|Q9Y4E5|ZN451_HUMAN E3 SUMO-protein ligase ZNF451 OS=Homo sapiens OX=9606 GN=ZNF451 PE=1 SV=2,840,880,ERKLKQAINYSKSLDMEKGVENDLSYQNIEEEIVELPDLD,38.0,11.0,0.0,28.0,40.0,40.0,5
21591,sp|Q9Y4E5|ZN451_HUMAN E3 SUMO-protein ligase ZNF451 OS=Homo sapiens OX=9606 GN=ZNF451 PE=1 SV=2,880,920,YLRTMTHIVFVDFDNWSNFFGHLPGHLNQGTFIWGFQGGN,40.0,12.0,0.0,21.0,6.0,40.0,5
21702,sp|Q9Y692|GMEB1_HUMAN Glucocorticoid modulatory element-binding protein 1 OS=Homo sapiens OX=9606 GN=GMEB1 PE=1 SV=2,240,280,TEEGVKKDSEEISEDTLMFWKGIADVGLMEEVVCNIQKEI,31.0,16.0,0.0,40.0,35.0,40.0,5
